decile,leads,conversions,mean_score,conversion_rate,lift,cumulative_conversions,share_of_conversions
1,824,376,0.2608213244083692,0.4563106796116505,1.4799556608821955,376,0.14803149606299212
2,824,416,0.21828797556786697,0.5048543689320388,1.6373977524654078,792,0.31181102362204727
3,824,373,0.16246209059425123,0.4526699029126214,1.4681475040134546,1165,0.45866141732283466
4,823,215,0.10915804574859093,0.26123936816524906,0.8472794940729613,1380,0.5433070866141733
5,824,249,0.10372825102998538,0.30218446601941745,0.9800770201054965,1629,0.6413385826771654
6,824,148,0.09864864864864865,0.1796116504854369,0.5825357388578855,1777,0.6996062992125984
7,823,284,0.09619720579244512,0.3450789793438639,1.1191970991475397,2061,0.8114173228346456
8,824,160,0.0862030829960955,0.1941747572815534,0.6297683663328492,2221,0.8744094488188976
9,824,182,0.06851526569773105,0.220873786407767,0.716361516703616,2403,0.9460629921259842
10,824,137,0.04038171310974409,0.1662621359223301,0.5392391636725021,2540,1.0
