calls,share_called,conversions,expected_value
1,0.00012138868657441127,0,-8.0
84,0.010196649672250545,44,6368.0
167,0.020271910657926683,89,12904.0
250,0.030347171643602816,133,19280.0
333,0.04042243262927895,170,24536.0
417,0.0506190823015295,201,28824.0
500,0.06069434328720563,246,35360.0
583,0.07076960427288177,282,40456.0
666,0.0808448652585579,322,46192.0
749,0.09092012624423404,366,52568.0
833,0.10111677591648459,408,58616.0
916,0.11119203690216072,454,65312.0
999,0.12126729788783686,479,68648.0
1082,0.13134255887351298,521,74704.0
1165,0.14141781985918914,563,80760.0
1249,0.15161446953143967,598,85688.0
1332,0.1616897305171158,637,91264.0
1415,0.17176499150279195,681,97640.0
1498,0.18184025248846808,715,102416.0
1581,0.1919155134741442,764,109592.0
1665,0.20211216314639477,800,114680.0
1748,0.2121874241320709,844,121056.0
1831,0.22226268511774702,896,128712.0
1914,0.23233794610342315,931,133648.0
1997,0.2424132070890993,974,139864.0
2081,0.25260985676134984,1011,145112.0
2164,0.26268511774702596,1047,150208.0
2247,0.2727603787327021,1082,155144.0
2330,0.2828356397183783,1115,159760.0
2413,0.2929109007040544,1146,164056.0
2497,0.30310755037630494,1180,168824.0
2580,0.31318281136198106,1206,172320.0
2663,0.3232580723476572,1231,175656.0
2746,0.3333333333333333,1263,180112.0
2829,0.34340859431900944,1285,182968.0
2913,0.35360524399126003,1320,187896.0
2996,0.36368050497693616,1357,193152.0
3079,0.3737557659626123,1384,196808.0
3162,0.3838310269482884,1418,201584.0
3245,0.39390628793396454,1451,206200.0
3329,0.4041029376062151,1474,209208.0
3412,0.41417819859189126,1493,211584.0
3495,0.4242534595775674,1516,214600.0
3578,0.4343287205632435,1539,217616.0
3661,0.44440398154891964,1559,220152.0
3745,0.45460063122117017,1587,223960.0
3828,0.4646758922068463,1623,229056.0
3911,0.4747511531925225,1641,231272.0
3994,0.4848264141781986,1665,234448.0
4077,0.49490167516387473,1681,236344.0
4161,0.5050983248361253,1700,238712.0
4244,0.5151735858218014,1726,242208.0
4327,0.5252488468074775,1755,246184.0
4410,0.5353241077931536,1769,247760.0
4493,0.5453993687788298,1791,250616.0
4577,0.5555960184510803,1812,253304.0
4660,0.5656712794367565,1850,258720.0
4743,0.5757465404224327,1884,263496.0
4826,0.5858218014081088,1910,266992.0
4909,0.5958970623937849,1928,269208.0
4993,0.6060937120660355,1944,271096.0
5076,0.6161689730517116,1960,272992.0
5159,0.6262442340373877,1975,274728.0
5242,0.6363194950230638,1985,275664.0
5325,0.64639475600874,2000,277400.0
5409,0.6565914056809905,2011,278488.0
5492,0.6666666666666666,2031,281024.0
5575,0.6767419276523428,2049,283240.0
5658,0.6868171886380189,2069,285776.0
5741,0.6968924496236951,2094,289112.0
5825,0.7070890992959457,2112,291320.0
5908,0.7171643602816218,2125,292736.0
5991,0.7272396212672979,2141,294632.0
6074,0.737314882252974,2156,296368.0
6157,0.7473901432386502,2174,298584.0
6241,0.7575867929109007,2201,302232.0
6324,0.7676620538965768,2226,305568.0
6407,0.777737314882253,2247,308264.0
6490,0.7878125758679291,2265,310480.0
6573,0.7978878368536052,2282,312536.0
6657,0.8080844865258557,2296,314104.0
6740,0.818159747511532,2316,316640.0
6823,0.8282350084972081,2340,319816.0
6906,0.8383102694828842,2355,321552.0
6989,0.8483855304685604,2365,322488.0
7073,0.8585821801408109,2375,323416.0
7156,0.868657441126487,2393,325632.0
7239,0.8787327021121631,2399,325928.0
7322,0.8888079630978393,2411,327184.0
7405,0.8988832240835154,2420,327960.0
7489,0.9090798737557659,2433,329368.0
7572,0.9191551347414421,2453,331904.0
7655,0.9292303957271182,2470,333960.0
7738,0.9393056567127943,2492,336816.0
7821,0.9493809176984706,2498,337112.0
7905,0.9595775673707211,2508,338040.0
7988,0.9696528283563972,2515,338496.0
8071,0.9797280893420733,2523,339112.0
8154,0.9898033503277495,2528,339248.0
8238,1.0,2540,340496.0
